timestamp,open,high,low,close,volume,turnover
1745689500000,0.6157,0.6157,0.6157,0.6157,0,0
1745688600000,0.6157,0.6157,0.6157,0.6157,0,0
1745687700000,0.6157,0.6157,0.6157,0.6157,0,0
1745686800000,0.6157,0.6157,0.6157,0.6157,0,0
1745685900000,0.6157,0.6157,0.6157,0.6157,0,0
1745685000000,0.6157,0.6157,0.6157,0.6157,0,0
1745684100000,0.6157,0.6157,0.6157,0.6157,0,0
1745683200000,0.6157,0.6157,0.6157,0.6157,0,0
1745682300000,0.6157,0.6157,0.6157,0.6157,0,0
1745681400000,0.6157,0.6157,0.6157,0.6157,0,0
1745680500000,0.6157,0.6157,0.6157,0.6157,0,0
1745679600000,0.6157,0.6157,0.6157,0.6157,0,0
1745678700000,0.6157,0.6157,0.6157,0.6157,0,0
1745677800000,0.6157,0.6157,0.6157,0.6157,0,0
1745676900000,0.6157,0.6157,0.6157,0.6157,0,0
1745676000000,0.6157,0.6157,0.6157,0.6157,0,0
1745675100000,0.6157,0.6157,0.6157,0.6157,0,0
1745674200000,0.6157,0.6157,0.6157,0.6157,0,0
1745673300000,0.6157,0.6157,0.6157,0.6157,0,0
1745672400000,0.6157,0.6157,0.6157,0.6157,0,0
1745671500000,0.6157,0.6157,0.6157,0.6157,0,0
1745670600000,0.6157,0.6157,0.6157,0.6157,0,0
1745669700000,0.592,0.6157,0.592,0.6157,14532,8947.3524
1745668800000,0.592,0.592,0.592,0.592,0,0
1745667900000,0.592,0.592,0.592,0.592,0,0
1745667000000,0.592,0.592,0.592,0.592,0,0
1745666100000,0.592,0.592,0.592,0.592,0,0
1745665200000,0.592,0.592,0.592,0.592,0,0
1745664300000,0.592,0.592,0.592,0.592,0,0
1745663400000,0.592,0.592,0.592,0.592,0,0
1745662500000,0.592,0.592,0.592,0.592,0,0
1745661600000,0.592,0.592,0.592,0.592,0,0
1745660700000,0.592,0.592,0.592,0.592,0,0
1745659800000,0.592,0.592,0.592,0.592,0,0
1745658900000,0.592,0.592,0.592,0.592,0,0
1745658000000,0.592,0.592,0.592,0.592,0,0
1745657100000,0.592,0.592,0.592,0.592,0,0
1745656200000,0.592,0.592,0.592,0.592,0,0
1745655300000,0.592,0.592,0.592,0.592,0,0
1745654400000,0.592,0.592,0.592,0.592,0,0
1745653500000,0.592,0.592,0.592,0.592,0,0
1745652600000,0.592,0.592,0.592,0.592,0,0
1745651700000,0.592,0.592,0.592,0.592,0,0
1745650800000,0.592,0.592,0.592,0.592,0,0
1745649900000,0.592,0.592,0.592,0.592,0,0
1745649000000,0.592,0.592,0.592,0.592,0,0
1745648100000,0.592,0.592,0.592,0.592,0,0
1745647200000,0.592,0.592,0.592,0.592,0,0
1745646300000,0.592,0.592,0.592,0.592,0,0
1745645400000,0.592,0.592,0.592,0.592,0,0
1745644500000,0.592,0.592,0.592,0.592,0,0
1745643600000,0.592,0.592,0.592,0.592,0,0
1745642700000,0.592,0.592,0.592,0.592,0,0
1745641800000,0.592,0.592,0.592,0.592,0,0
1745640900000,0.592,0.592,0.592,0.592,0,0
1745640000000,0.592,0.592,0.592,0.592,0,0
1745639100000,0.592,0.592,0.592,0.592,0,0
1745638200000,0.592,0.592,0.592,0.592,0,0
1745637300000,0.592,0.592,0.592,0.592,0,0
1745636400000,0.592,0.592,0.592,0.592,0,0
1745635500000,0.592,0.592,0.592,0.592,0,0
1745634600000,0.592,0.592,0.592,0.592,0,0
1745633700000,0.592,0.592,0.592,0.592,0,0
1745632800000,0.592,0.592,0.592,0.592,0,0
1745631900000,0.592,0.592,0.592,0.592,0,0
1745631000000,0.592,0.592,0.592,0.592,0,0
1745630100000,0.592,0.592,0.592,0.592,0,0
1745629200000,0.5692,0.592,0.5692,0.592,22848,13526.016
1745628300000,0.5692,0.5692,0.5692,0.5692,0,0
1745627400000,0.5692,0.5692,0.5692,0.5692,0,0
1745626500000,0.5929,0.5929,0.5692,0.5692,22956,13066.5552
1745625600000,0.5939,0.6176,0.5929,0.5929,56485,34738.4427
1745624700000,0.5939,0.5939,0.5939,0.5939,0,0
1745623800000,0.5939,0.5939,0.5939,0.5939,0,0
1745622900000,0.5939,0.5939,0.5939,0.5939,0,0
1745622000000,0.6398,0.6398,0.5939,0.5939,23174,14186.6683
1745621100000,0.6398,0.6398,0.6398,0.6398,0,0
1745620200000,0.6398,0.6398,0.6398,0.6398,0,0
1745619300000,0.6398,0.6398,0.6398,0.6398,0,0
1745618400000,0.6398,0.6398,0.6398,0.6398,0,0
1745617500000,0.6398,0.6398,0.6398,0.6398,0,0
1745616600000,0.6398,0.6398,0.6398,0.6398,0,0
1745615700000,0.6398,0.6398,0.6398,0.6398,0,0
1745614800000,0.6398,0.6398,0.6398,0.6398,0,0
1745613900000,0.6411,0.6667,0.6257,0.6398,74137,47066.2256
1745613000000,0.6411,0.6411,0.6411,0.6411,0,0
1745612100000,0.6174,0.6678,0.6174,0.6411,6146,3943.6681
1745611200000,0.6174,0.6174,0.6174,0.6174,0,0
1745610300000,0.5937,0.6174,0.5937,0.6174,21036,12987.6264
1745609400000,0.5937,0.5937,0.5937,0.5937,0,0
1745608500000,0.5937,0.5937,0.5937,0.5937,0,0
1745607600000,0.5937,0.5937,0.5937,0.5937,0,0
1745606700000,0.5937,0.5937,0.5937,0.5937,0,0
1745605800000,0.5937,0.5937,0.5937,0.5937,0,0
1745604900000,0.5709,0.5937,0.5637,0.5937,40151,23011.4787
1745604000000,0.5709,0.5709,0.5709,0.5709,0,0
1745603100000,0.5709,0.5709,0.5709,0.5709,0,0
1745602200000,0.5709,0.5709,0.5709,0.5709,0,0
1745601300000,0.5489,0.5709,0.5489,0.5709,22329,12747.6261
1745600400000,0.5489,0.5489,0.5489,0.5489,0,0
1745599500000,0.5489,0.5489,0.5489,0.5489,0,0
1745598600000,0.5278,0.5489,0.5278,0.5489,8793,4826.4777
1745597700000,0.5278,0.5278,0.5278,0.5278,0,0
1745596800000,0.5278,0.5278,0.5278,0.5278,0,0
1745595900000,0.5278,0.5278,0.5278,0.5278,0,0
1745595000000,0.5278,0.5278,0.5278,0.5278,0,0
1745594100000,0.5278,0.5278,0.5278,0.5278,0,0
1745593200000,0.5278,0.5278,0.5278,0.5278,0,0
1745592300000,0.5278,0.5278,0.5278,0.5278,0,0
1745591400000,0.5278,0.5278,0.5278,0.5278,0,0
1745590500000,0.5278,0.5278,0.5278,0.5278,0,0
1745589600000,0.5278,0.5278,0.5278,0.5278,0,0
1745588700000,0.5278,0.5278,0.5278,0.5278,0,0
1745587800000,0.5278,0.5278,0.5278,0.5278,0,0
1745586900000,0.5278,0.5278,0.5278,0.5278,0,0
1745586000000,0.5278,0.5278,0.5278,0.5278,0,0
1745585100000,0.5278,0.5278,0.5278,0.5278,0,0
1745584200000,0.5278,0.5278,0.5278,0.5278,0,0
1745583300000,0.5278,0.5278,0.5278,0.5278,0,0
1745582400000,0.5278,0.5278,0.5278,0.5278,0,0
1745581500000,0.5278,0.5278,0.5278,0.5278,0,0
1745580600000,0.5278,0.5278,0.5278,0.5278,0,0
1745579700000,0.5278,0.5278,0.5278,0.5278,0,0
1745578800000,0.5278,0.5278,0.5278,0.5278,0,0
1745577900000,0.5278,0.5278,0.5278,0.5278,0,0
1745577000000,0.5278,0.5278,0.5278,0.5278,0,0
1745576100000,0.488,0.5278,0.488,0.5278,18796,9618.6475
1745575200000,0.488,0.488,0.488,0.488,0,0
1745574300000,0.488,0.488,0.488,0.488,0,0
1745573400000,0.488,0.488,0.488,0.488,0,0
1745572500000,0.488,0.488,0.488,0.488,0,0
1745571600000,0.488,0.488,0.488,0.488,0,0
1745570700000,0.488,0.488,0.488,0.488,0,0
1745569800000,0.488,0.488,0.488,0.488,0,0
1745568900000,0.488,0.488,0.488,0.488,0,0
1745568000000,0.488,0.488,0.488,0.488,0,0
1745567100000,0.488,0.488,0.488,0.488,0,0
1745566200000,0.488,0.488,0.488,0.488,0,0
1745565300000,0.488,0.488,0.488,0.488,0,0
1745564400000,0.488,0.488,0.488,0.488,0,0
1745563500000,0.488,0.488,0.488,0.488,0,0
1745562600000,0.488,0.488,0.488,0.488,0,0
1745561700000,0.488,0.488,0.488,0.488,0,0
1745560800000,0.488,0.488,0.488,0.488,0,0
1745559900000,0.488,0.488,0.488,0.488,0,0
1745559000000,0.488,0.488,0.488,0.488,0,0
1745558100000,0.488,0.488,0.488,0.488,0,0
1745557200000,0.488,0.488,0.488,0.488,0,0
1745556300000,0.488,0.488,0.488,0.488,0,0
1745555400000,0.488,0.488,0.488,0.488,0,0
1745554500000,0.488,0.488,0.488,0.488,0,0
1745553600000,0.488,0.488,0.488,0.488,0,0
1745552700000,0.488,0.488,0.488,0.488,0,0
1745551800000,0.488,0.488,0.488,0.488,0,0
1745550900000,0.488,0.488,0.488,0.488,0,0
1745550000000,0.488,0.488,0.488,0.488,0,0
1745549100000,0.488,0.488,0.488,0.488,0,0
1745548200000,0.488,0.488,0.488,0.488,0,0
1745547300000,0.488,0.488,0.488,0.488,0,0
1745546400000,0.488,0.488,0.488,0.488,0,0
1745545500000,0.488,0.488,0.488,0.488,0,0
1745544600000,0.488,0.488,0.488,0.488,0,0
1745543700000,0.488,0.488,0.488,0.488,0,0
1745542800000,0.488,0.488,0.488,0.488,0,0
1745541900000,0.488,0.488,0.488,0.488,0,0
1745541000000,0.488,0.488,0.488,0.488,0,0
1745540100000,0.488,0.488,0.488,0.488,0,0
1745539200000,0.488,0.488,0.488,0.488,0,0
1745538300000,0.488,0.488,0.488,0.488,0,0
1745537400000,0.488,0.488,0.488,0.488,0,0
1745536500000,0.488,0.488,0.488,0.488,0,0
1745535600000,0.488,0.488,0.488,0.488,0,0
1745534700000,0.488,0.488,0.488,0.488,0,0
1745533800000,0.488,0.488,0.488,0.488,0,0
1745532900000,0.488,0.488,0.488,0.488,0,0
1745532000000,0.4692,0.488,0.4692,0.488,23025,11236.2
1745531100000,0.4692,0.4692,0.4692,0.4692,0,0
1745530200000,0.4692,0.4692,0.4692,0.4692,0,0
1745529300000,0.4692,0.4692,0.4692,0.4692,0,0
1745528400000,0.4692,0.4692,0.4692,0.4692,0,0
1745527500000,0.4692,0.4692,0.4692,0.4692,0,0
1745526600000,0.4692,0.4692,0.4692,0.4692,0,0
1745525700000,0.4692,0.4692,0.4692,0.4692,0,0
1745524800000,0.4692,0.4692,0.4692,0.4692,0,0
1745523900000,0.4692,0.4692,0.4692,0.4692,0,0
1745523000000,0.4512,0.4692,0.4512,0.4692,10632,4988.5344
1745522100000,0.4512,0.4512,0.4512,0.4512,0,0
1745521200000,0.4512,0.4512,0.4512,0.4512,0,0
1745520300000,0.4512,0.4512,0.4512,0.4512,0,0
1745519400000,0.4512,0.4512,0.4512,0.4512,0,0
1745518500000,0.4512,0.4512,0.4512,0.4512,0,0
1745517600000,0.4512,0.4512,0.4512,0.4512,0,0
1745516700000,0.4512,0.4512,0.4512,0.4512,0,0
1745515800000,0.4512,0.4512,0.4512,0.4512,0,0
1745514900000,0.4512,0.4512,0.4512,0.4512,0,0
1745514000000,0.4512,0.4512,0.4512,0.4512,0,0
1745513100000,0.4512,0.4512,0.4512,0.4512,0,0
1745512200000,0.4512,0.4512,0.4512,0.4512,0,0
1745511300000,0.4512,0.4512,0.4512,0.4512,0,0
1745510400000,0.4512,0.4512,0.4512,0.4512,0,0
1745509500000,0.4512,0.4512,0.4512,0.4512,0,0
1745508600000,0.4512,0.4512,0.4512,0.4512,0,0
1745507700000,0.4512,0.4512,0.4512,0.4512,0,0
1745506800000,0.4512,0.4512,0.4512,0.4512,0,0
1745505900000,0.4512,0.4512,0.4512,0.4512,0,0
1745505000000,0.4512,0.4512,0.4512,0.4512,0,0
1745504100000,0.47,0.47,0.4512,0.4512,9457,4266.9984
1745503200000,0.47,0.47,0.47,0.47,0,0
1745502300000,0.47,0.47,0.47,0.47,0,0
1745501400000,0.47,0.47,0.47,0.47,0,0
1745500500000,0.47,0.47,0.47,0.47,0,0
1745499600000,0.47,0.47,0.47,0.47,0,0
1745498700000,0.47,0.47,0.47,0.47,0,0
1745497800000,0.47,0.47,0.47,0.47,0,0
1745496900000,0.47,0.47,0.47,0.47,0,0
1745496000000,0.47,0.47,0.47,0.47,0,0
1745495100000,0.47,0.47,0.47,0.47,0,0
1745494200000,0.47,0.47,0.47,0.47,0,0
1745493300000,0.47,0.47,0.47,0.47,0,0
1745492400000,0.47,0.47,0.47,0.47,0,0
1745491500000,0.47,0.47,0.47,0.47,0,0
1745490600000,0.47,0.47,0.47,0.47,0,0
1745489700000,0.47,0.47,0.47,0.47,0,0
1745488800000,0.47,0.47,0.47,0.47,0,0
1745487900000,0.47,0.47,0.47,0.47,0,0
1745487000000,0.47,0.47,0.47,0.47,0,0
1745486100000,0.47,0.47,0.47,0.47,0,0
1745485200000,0.47,0.47,0.47,0.47,0,0
1745484300000,0.47,0.47,0.47,0.47,0,0
1745483400000,0.47,0.47,0.47,0.47,0,0
1745482500000,0.47,0.47,0.47,0.47,0,0
1745481600000,0.47,0.47,0.47,0.47,0,0
1745480700000,0.47,0.47,0.47,0.47,0,0
1745479800000,0.47,0.47,0.47,0.47,0,0
1745478900000,0.47,0.47,0.47,0.47,0,0
1745478000000,0.47,0.47,0.47,0.47,0,0
1745477100000,0.47,0.47,0.47,0.47,0,0
1745476200000,0.47,0.47,0.47,0.47,0,0
1745475300000,0.47,0.47,0.47,0.47,0,0
1745474400000,0.47,0.47,0.47,0.47,0,0
1745473500000,0.47,0.47,0.47,0.47,0,0
1745472600000,0.47,0.47,0.47,0.47,0,0
1745471700000,0.47,0.47,0.47,0.47,0,0
1745470800000,0.47,0.47,0.47,0.47,0,0
1745469900000,0.47,0.47,0.47,0.47,0,0
1745469000000,0.47,0.47,0.47,0.47,0,0
1745468100000,0.47,0.47,0.47,0.47,0,0
1745467200000,0.47,0.47,0.47,0.47,0,0
1745466300000,0.47,0.47,0.47,0.47,0,0
1745465400000,0.47,0.47,0.47,0.47,0,0
1745464500000,0.47,0.47,0.47,0.47,0,0
1745463600000,0.47,0.47,0.47,0.47,0,0
1745462700000,0.47,0.47,0.47,0.47,0,0
1745461800000,0.47,0.47,0.47,0.47,0,0
1745460900000,0.47,0.47,0.47,0.47,0,0
1745460000000,0.47,0.47,0.47,0.47,0,0
1745459100000,0.4708,0.4896,0.47,0.47,25099,12154.0732
1745458200000,0.4708,0.4708,0.4708,0.4708,0,0
1745457300000,0.4708,0.4708,0.4708,0.4708,0,0
1745456400000,0.4708,0.4708,0.4708,0.4708,0,0
1745455500000,0.4708,0.4708,0.4708,0.4708,0,0
1745454600000,0.4708,0.4708,0.4708,0.4708,0,0
1745453700000,0.4708,0.4708,0.4708,0.4708,0,0
1745452800000,0.4708,0.4708,0.4708,0.4708,0,0
1745451900000,0.4743,0.4743,0.4708,0.4708,9,4.2372
1745451000000,0.4743,0.4743,0.4743,0.4743,0,0
1745450100000,0.4912,0.4912,0.4742,0.4743,43461,20611.2887
1745449200000,0.5117,0.5117,0.4912,0.4912,16528,8118.5536
1745448300000,0.5117,0.5117,0.5117,0.5117,0,0
1745447400000,0.4925,0.5117,0.4925,0.5117,62187,31821.0879
1745446500000,0.4925,0.4925,0.4925,0.4925,0,0
1745445600000,0.4925,0.4925,0.4925,0.4925,0,0
1745444700000,0.4925,0.4925,0.4925,0.4925,0,0
1745443800000,0.4925,0.4925,0.4925,0.4925,0,0
1745442900000,0.4925,0.4925,0.4925,0.4925,0,0
1745442000000,0.4736,0.4925,0.4736,0.4925,14803,7290.4775
1745441100000,0.4736,0.4736,0.4736,0.4736,0,0
1745440200000,0.4736,0.4736,0.4736,0.4736,0,0
1745439300000,0.4736,0.4736,0.4736,0.4736,0,0
1745438400000,0.4736,0.4736,0.4736,0.4736,0,0
1745437500000,0.4736,0.4736,0.4736,0.4736,0,0
1745436600000,0.4736,0.4736,0.4736,0.4736,0,0
1745435700000,0.4736,0.4736,0.4736,0.4736,0,0
1745434800000,0.4736,0.4736,0.4736,0.4736,0,0
1745433900000,0.4736,0.4736,0.4736,0.4736,0,0
1745433000000,0.4736,0.4736,0.4736,0.4736,0,0
1745432100000,0.4736,0.4736,0.4736,0.4736,0,0
1745431200000,0.4736,0.4736,0.4736,0.4736,0,0
1745430300000,0.4736,0.4736,0.4736,0.4736,0,0
1745429400000,0.4554,0.4736,0.4554,0.4736,18452,8738.8672
1745428500000,0.4595,0.4595,0.4554,0.4554,54549,24844.8712
1745427600000,0.4595,0.4595,0.4595,0.4595,0,0
1745426700000,0.4418,0.4595,0.4418,0.4595,9,4.1355
1745425800000,0.4418,0.4418,0.4418,0.4418,0,0
1745424900000,0.4418,0.4418,0.4418,0.4418,0,0
1745424000000,0.4418,0.4418,0.4418,0.4418,0,0
1745423100000,0.4418,0.4418,0.4418,0.4418,0,0
1745422200000,0.4418,0.4418,0.4418,0.4418,0,0
1745421300000,0.4418,0.4418,0.4418,0.4418,0,0
1745420400000,0.4418,0.4418,0.4418,0.4418,0,0
1745419500000,0.4418,0.4418,0.4418,0.4418,0,0
1745418600000,0.4418,0.4418,0.4418,0.4418,0,0
1745417700000,0.4418,0.4418,0.4418,0.4418,0,0
1745416800000,0.4418,0.4418,0.4418,0.4418,0,0
1745415900000,0.4418,0.4418,0.4418,0.4418,0,0
1745415000000,0.4418,0.4418,0.4418,0.4418,0,0
1745414100000,0.4418,0.4418,0.4418,0.4418,0,0
1745413200000,0.4418,0.4418,0.4418,0.4418,0,0
1745412300000,0.4418,0.4418,0.4418,0.4418,0,0
1745411400000,0.4418,0.4418,0.4418,0.4418,0,0
1745410500000,0.4418,0.4418,0.4418,0.4418,0,0
1745409600000,0.4418,0.4418,0.4418,0.4418,0,0
1745408700000,0.4418,0.4418,0.4418,0.4418,0,0
1745407800000,0.4418,0.4418,0.4418,0.4418,0,0
1745406900000,0.4418,0.4418,0.4418,0.4418,0,0
1745406000000,0.4418,0.4418,0.4418,0.4418,0,0
1745405100000,0.4418,0.4418,0.4418,0.4418,0,0
1745404200000,0.4418,0.4418,0.4418,0.4418,0,0
1745403300000,0.4418,0.4418,0.4418,0.4418,0,0
1745402400000,0.4418,0.4418,0.4418,0.4418,0,0
1745401500000,0.4418,0.4418,0.4418,0.4418,0,0
1745400600000,0.4418,0.4418,0.4418,0.4418,0,0
1745399700000,0.4418,0.4418,0.4418,0.4418,0,0
1745398800000,0.4418,0.4418,0.4418,0.4418,0,0
1745397900000,0.4418,0.4418,0.4418,0.4418,0,0
1745397000000,0.4602,0.4602,0.4418,0.4418,17684,7812.7912
1745396100000,0.4602,0.4602,0.4602,0.4602,0,0
1745395200000,0.461,0.4794,0.4602,0.4602,36009,17097.153
1745394300000,0.461,0.461,0.461,0.461,0,0
1745393400000,0.461,0.461,0.461,0.461,0,0
1745392500000,0.461,0.461,0.461,0.461,0,0
1745391600000,0.461,0.461,0.461,0.461,0,0
1745390700000,0.461,0.461,0.461,0.461,0,0
1745389800000,0.461,0.461,0.461,0.461,0,0
1745388900000,0.4435,0.461,0.4435,0.461,78828,36339.708
1745388000000,0.4435,0.4435,0.4435,0.4435,0,0
1745387100000,0.4435,0.4435,0.4435,0.4435,0,0
1745386200000,0.4435,0.4435,0.4435,0.4435,0,0
1745385300000,0.4435,0.4435,0.4435,0.4435,0,0
1745384400000,0.4264,0.4435,0.4264,0.4435,8462,3752.897
1745383500000,0.4264,0.4264,0.4264,0.4264,0,0
1745382600000,0.4264,0.4264,0.4264,0.4264,0,0
1745381700000,0.4264,0.4264,0.4264,0.4264,0,0
1745380800000,0.4264,0.4264,0.4264,0.4264,0,0
1745379900000,0.4264,0.4264,0.4264,0.4264,0,0
1745379000000,0.4264,0.4264,0.4264,0.4264,0,0
1745378100000,0.4264,0.4264,0.4264,0.4264,0,0
1745377200000,0.4264,0.4264,0.4264,0.4264,0,0
1745376300000,0.4264,0.4264,0.4264,0.4264,0,0
1745375400000,0.4264,0.4264,0.4264,0.4264,0,0
1745374500000,0.4264,0.4264,0.4264,0.4264,0,0
1745373600000,0.4264,0.4264,0.4264,0.4264,0,0
1745372700000,0.4627,0.4627,0.4264,0.4264,15804,6857.9254
1745371800000,0.4627,0.4627,0.4627,0.4627,0,0
1745370900000,0.4627,0.4627,0.4627,0.4627,0,0
1745370000000,0.4449,0.4627,0.4449,0.4627,32259,14850.5683
1745369100000,0.4278,0.4449,0.4278,0.4449,8446,3757.6254
1745368200000,0.4278,0.4278,0.4278,0.4278,0,0
1745367300000,0.4286,0.4464,0.4278,0.4278,187527,82015.5766
1745366400000,0.4286,0.4286,0.4286,0.4286,0,0
1745365500000,0.4286,0.4286,0.4286,0.4286,0,0
1745364600000,0.4286,0.4286,0.4286,0.4286,0,0
1745363700000,0.4121,0.4286,0.4121,0.4286,28441,12189.8126
1745362800000,0.4293,0.4293,0.4121,0.4121,10594,4365.7874
1745361900000,0.4472,0.4472,0.4293,0.4293,8236,3535.7148
1745361000000,0.4452,0.4623,0.4274,0.4472,228183,102176.0765
1745360100000,0.4116,0.4452,0.4116,0.4452,25800,11311.3809
1745359200000,0.4466,0.4466,0.4116,0.4116,18097,7566.3561
1745358300000,0.4466,0.4466,0.4466,0.4466,0,0
1745357400000,0.4652,0.4652,0.4466,0.4466,18678,8341.5948
1745356500000,0.4473,0.4652,0.4473,0.4652,25247,11744.9044
1745355600000,0.4473,0.4473,0.4473,0.4473,0,0
1745354700000,0.4473,0.4473,0.4473,0.4473,0,0
1745353800000,0.4473,0.4473,0.4473,0.4473,0,0
1745352900000,0.4473,0.4473,0.4473,0.4473,0,0
1745352000000,0.4473,0.4473,0.4473,0.4473,0,0
1745351100000,0.4136,0.4473,0.4136,0.4473,33662,14673.057
1745350200000,0.4154,0.432,0.4136,0.4136,168712,72604.2553
1745349300000,0.4168,0.4168,0.3994,0.4154,113181,45703.0422
1745348400000,0.4168,0.4168,0.4168,0.4168,0,0
1745347500000,0.4175,0.4342,0.4168,0.4168,37769,16068.7346
1745346600000,0.4175,0.4175,0.4175,0.4175,0,0
1745345700000,0.4175,0.4175,0.4175,0.4175,0,0
1745344800000,0.4175,0.4175,0.4175,0.4175,0,0
1745343900000,0.4175,0.4175,0.4175,0.4175,0,0
1745343000000,0.4175,0.4175,0.4175,0.4175,0,0
1745342100000,0.4175,0.4175,0.4175,0.4175,0,0
1745341200000,0.4349,0.4349,0.4175,0.4175,46445,19607.4995
1745340300000,0.4033,0.4349,0.4026,0.4349,122175,52077.0255
1745339400000,0.3885,0.404,0.3826,0.4033,94187,36463.0326
1745338500000,0.3885,0.3885,0.3885,0.3885,0,0
1745337600000,0.3892,0.3892,0.3736,0.3885,18545,7078.9318
1745336700000,0.3742,0.3892,0.3742,0.3892,8781,3417.5652
1745335800000,0.3898,0.3898,0.3742,0.3742,29091,10885.8522
1745334900000,0.3904,0.3904,0.3748,0.3898,19318,7410.3214
1745334000000,0.4073,0.4236,0.3904,0.3904,31958,13019.6803
1745333100000,0.4073,0.4073,0.4073,0.4073,0,0
1745332200000,0.4073,0.4073,0.4073,0.4073,0,0
1745331300000,0.3765,0.4073,0.3765,0.4073,51882,20700.0241
1745330400000,0.3771,0.3771,0.362,0.3765,29576,10996.831
1745329500000,0.3771,0.3771,0.3771,0.3771,0,0
1745328600000,0.3771,0.3771,0.3771,0.3771,0,0
1745327700000,0.3771,0.3771,0.3771,0.3771,0,0
1745326800000,0.3928,0.3928,0.3771,0.3771,7912,2983.6152
1745325900000,0.3928,0.3928,0.3928,0.3928,0,0
1745325000000,0.3941,0.3941,0.3632,0.3928,53222,20309.4015
1745324100000,0.3941,0.3941,0.3941,0.3941,0,0
1745323200000,0.3959,0.4117,0.3941,0.3941,174030,69999.5884
1745322300000,0.3959,0.3959,0.3959,0.3959,0,0
1745321400000,0.3959,0.3959,0.3959,0.3959,0,0
1745320500000,0.3959,0.3959,0.3959,0.3959,0,0
1745319600000,0.3966,0.3966,0.3807,0.3959,35339,13638.5413
1745318700000,0.3813,0.3966,0.3813,0.3966,23884,9472.3944
1745317800000,0.3813,0.3813,0.3813,0.3813,0,0
1745316900000,0.3972,0.3972,0.3813,0.3813,8535,3254.3955
1745316000000,0.3972,0.3972,0.3972,0.3972,0,0
1745315100000,0.3972,0.3972,0.3972,0.3972,0,0
1745314200000,0.3972,0.3972,0.3972,0.3972,0,0
1745313300000,0.3978,0.3978,0.3819,0.3972,39146,15385.785
1745312400000,0.3978,0.3978,0.3978,0.3978,0,0
1745311500000,0.3978,0.3978,0.3978,0.3978,0,0
1745310600000,0.3978,0.3978,0.3978,0.3978,0,0
1745309700000,0.3978,0.3978,0.3978,0.3978,0,0
1745308800000,0.3978,0.3978,0.3978,0.3978,0,0
1745307900000,0.3978,0.3978,0.3978,0.3978,0,0
1745307000000,0.3978,0.3978,0.3978,0.3978,0,0
1745306100000,0.4144,0.4144,0.3978,0.3978,8866,3526.8948
1745305200000,0.4144,0.4144,0.4144,0.4144,0,0
1745304300000,0.4144,0.4144,0.4144,0.4144,0,0
1745303400000,0.4144,0.4144,0.4144,0.4144,0,0
1745302500000,0.3985,0.4144,0.3985,0.4144,10916,4523.5904
1745301600000,0.3992,0.3992,0.3832,0.3985,30676,12095.4988
1745300700000,0.3992,0.3992,0.3992,0.3992,0,0
1745299800000,0.3992,0.3992,0.3992,0.3992,0,0
1745298900000,0.3992,0.3992,0.3992,0.3992,0,0
1745298000000,0.3992,0.3992,0.3992,0.3992,0,0
1745297100000,0.3992,0.3992,0.3992,0.3992,0,0
1745296200000,0.3998,0.4158,0.3992,0.3992,35577,14510.036
1745295300000,0.3998,0.3998,0.3998,0.3998,0,0
1745294400000,0.3998,0.3998,0.3998,0.3998,0,0
1745293500000,0.3998,0.3998,0.3998,0.3998,0,0
1745292600000,0.3998,0.3998,0.3998,0.3998,0,0
1745291700000,0.3998,0.3998,0.3998,0.3998,0,0
1745290800000,0.3998,0.3998,0.3998,0.3998,0,0
1745289900000,0.3998,0.3998,0.3998,0.3998,0,0
1745289000000,0.3998,0.3998,0.3998,0.3998,0,0
1745288100000,0.3998,0.3998,0.3998,0.3998,0,0
1745287200000,0.3998,0.3998,0.3998,0.3998,0,0
1745286300000,0.3998,0.3998,0.3998,0.3998,0,0
1745285400000,0.3998,0.3998,0.3998,0.3998,0,0
1745284500000,0.3998,0.3998,0.3998,0.3998,0,0
1745283600000,0.4165,0.4165,0.3998,0.3998,7748,3097.6504
1745282700000,0.4005,0.4165,0.4005,0.4165,19348,8058.442
1745281800000,0.4005,0.4005,0.4005,0.4005,0,0
1745280900000,0.3851,0.4005,0.3851,0.4005,7946,3182.373
1745280000000,0.3851,0.3851,0.3851,0.3851,0,0
1745279100000,0.3851,0.3851,0.3851,0.3851,0,0
1745278200000,0.3851,0.3851,0.3851,0.3851,0,0
1745277300000,0.3851,0.3851,0.3851,0.3851,0,0
1745276400000,0.3851,0.3851,0.3851,0.3851,0,0
1745275500000,0.3851,0.3851,0.3851,0.3851,0,0
1745274600000,0.3851,0.3851,0.3851,0.3851,0,0
1745273700000,0.3851,0.3851,0.3851,0.3851,0,0
1745272800000,0.3851,0.3851,0.3851,0.3851,0,0
1745271900000,0.3851,0.3851,0.3851,0.3851,0,0
1745271000000,0.3851,0.3851,0.3851,0.3851,0,0
1745270100000,0.3851,0.3851,0.3851,0.3851,0,0
1745269200000,0.3851,0.3851,0.3851,0.3851,0,0
1745268300000,0.3851,0.3851,0.3851,0.3851,0,0
1745267400000,0.3851,0.3851,0.3851,0.3851,0,0
1745266500000,0.3851,0.3851,0.3851,0.3851,0,0
1745265600000,0.3851,0.3851,0.3851,0.3851,0,0
1745264700000,0.3851,0.3851,0.3851,0.3851,0,0
1745263800000,0.3851,0.3851,0.3851,0.3851,0,0
1745262900000,0.3851,0.3851,0.3851,0.3851,0,0
1745262000000,0.3851,0.3851,0.3851,0.3851,0,0
1745261100000,0.3851,0.3851,0.3851,0.3851,0,0
1745260200000,0.3851,0.3851,0.3851,0.3851,0,0
1745259300000,0.3851,0.3851,0.3851,0.3851,0,0
1745258400000,0.3851,0.3851,0.3851,0.3851,0,0
1745257500000,0.4011,0.4011,0.3851,0.3851,12204,4699.7604
1745256600000,0.4011,0.4011,0.4011,0.4011,0,0
1745255700000,0.4011,0.4011,0.4011,0.4011,0,0
1745254800000,0.4178,0.4178,0.4011,0.4011,10941,4388.4351
1745253900000,0.4017,0.4178,0.4017,0.4178,249,104.0322
1745253000000,0.4017,0.4017,0.4017,0.4017,0,0
1745252100000,0.4023,0.4184,0.4017,0.4017,54288,22225.2735
1745251200000,0.4023,0.4023,0.4023,0.4023,0,0
1745250300000,0.4023,0.4023,0.4023,0.4023,0,0
1745249400000,0.4191,0.4191,0.4023,0.4023,19954,8027.4942
1745248500000,0.4177,0.4191,0.4177,0.4191,26790,11227.689
1745247600000,0.4177,0.4177,0.4177,0.4177,0,0
1745246700000,0.4177,0.4177,0.4177,0.4177,0,0
1745245800000,0.4016,0.4177,0.4016,0.4177,92367,38581.6959
1745244900000,0.3855,0.4016,0.3855,0.4016,94518,37921.1584
1745244000000,0.4016,0.4016,0.3855,0.3855,22224,8567.352
1745243100000,0.3713,0.4016,0.3713,0.4016,32135,12599.9878
1745242200000,0.3713,0.3713,0.3713,0.3713,0,0
1745241300000,0.3713,0.3713,0.3713,0.3713,0,0
1745240400000,0.3713,0.3713,0.3713,0.3713,0,0
1745239500000,0.3713,0.3713,0.3713,0.3713,0,0
1745238600000,0.3713,0.3713,0.3713,0.3713,0,0
1745237700000,0.3868,0.3868,0.3713,0.3713,12575,4669.0975
1745236800000,0.3868,0.3868,0.3868,0.3868,0,0
1745235900000,0.3868,0.3868,0.3868,0.3868,0,0
1745235000000,0.3868,0.3868,0.3868,0.3868,0,0
1745234100000,0.3874,0.3874,0.3719,0.3868,19075,7233.8588
1745233200000,0.3874,0.3874,0.3874,0.3874,0,0
1745232300000,0.3874,0.3874,0.3874,0.3874,0,0
1745231400000,0.3874,0.3874,0.3874,0.3874,0,0
1745230500000,0.3874,0.3874,0.3874,0.3874,0,0
1745229600000,0.3874,0.3874,0.3874,0.3874,0,0
1745228700000,0.3874,0.3874,0.3874,0.3874,0,0
1745227800000,0.3874,0.3874,0.3874,0.3874,0,0
1745226900000,0.3874,0.3874,0.3874,0.3874,0,0
1745226000000,0.3874,0.3874,0.3874,0.3874,0,0
1745225100000,0.3874,0.3874,0.3874,0.3874,0,0
1745224200000,0.3874,0.3874,0.3874,0.3874,0,0
1745223300000,0.3874,0.3874,0.3874,0.3874,0,0
1745222400000,0.3874,0.3874,0.3874,0.3874,0,0
1745221500000,0.3874,0.3874,0.3874,0.3874,0,0
1745220600000,0.3874,0.3874,0.3874,0.3874,0,0
1745219700000,0.3874,0.3874,0.3874,0.3874,0,0
1745218800000,0.3874,0.3874,0.3874,0.3874,0,0
1745217900000,0.3874,0.3874,0.3874,0.3874,0,0
1745217000000,0.3874,0.3874,0.3874,0.3874,0,0
1745216100000,0.3874,0.3874,0.3874,0.3874,0,0
1745215200000,0.3874,0.3874,0.3874,0.3874,0,0
1745214300000,0.3874,0.3874,0.3874,0.3874,0,0
1745213400000,0.3725,0.3874,0.3725,0.3874,9976,3864.7024
1745212500000,0.3725,0.3725,0.3725,0.3725,0,0
1745211600000,0.3725,0.3725,0.3725,0.3725,0,0
1745210700000,0.3725,0.3725,0.3725,0.3725,0,0
1745209800000,0.3725,0.3725,0.3725,0.3725,0,0
1745208900000,0.3725,0.3725,0.3725,0.3725,0,0
1745208000000,0.3886,0.3886,0.3725,0.3725,36247,13768.5825
1745207100000,0.3886,0.3886,0.3886,0.3886,0,0
1745206200000,0.3886,0.3886,0.3886,0.3886,0,0
1745205300000,0.3886,0.3886,0.3886,0.3886,0,0
1745204400000,0.3886,0.3886,0.3886,0.3886,0,0
1745203500000,0.4048,0.4048,0.3886,0.3886,21984,8542.9824
1745202600000,0.4048,0.4048,0.4048,0.4048,0,0
1745201700000,0.4048,0.4048,0.4048,0.4048,0,0
1745200800000,0.3769,0.4048,0.3769,0.4048,9252,3745.2096
1745199900000,0.3856,0.3899,0.3749,0.3769,78058,29859.0202
1745199000000,0.3856,0.3856,0.3856,0.3856,0,0
1745198100000,0.3856,0.3856,0.3856,0.3856,0,0
1745197200000,0.3856,0.3856,0.3856,0.3856,0,0
1745196300000,0.3684,0.3856,0.3684,0.3856,94701,35569.872
1745195400000,0.3684,0.3684,0.3684,0.3684,0,0
1745194500000,0.369,0.369,0.3542,0.3684,23454,8490.2176
1745193600000,0.369,0.369,0.369,0.369,0,0
1745192700000,0.369,0.369,0.369,0.369,0,0
1745191800000,0.369,0.369,0.369,0.369,0,0
1745190900000,0.369,0.369,0.369,0.369,0,0
1745190000000,0.369,0.369,0.369,0.369,0,0
1745189100000,0.369,0.369,0.369,0.369,0,0
1745188200000,0.369,0.369,0.369,0.369,0,0
1745187300000,0.369,0.369,0.369,0.369,0,0
1745186400000,0.369,0.369,0.369,0.369,0,0
1745185500000,0.369,0.369,0.369,0.369,0,0
1745184600000,0.369,0.369,0.369,0.369,0,0
1745183700000,0.3844,0.3844,0.369,0.369,9355,3451.995
1745182800000,0.3844,0.3844,0.3844,0.3844,0,0
1745181900000,0.3844,0.3844,0.3844,0.3844,0,0
1745181000000,0.3696,0.3844,0.3696,0.3844,25509,9805.6596
1745180100000,0.385,0.385,0.3696,0.3696,12390,4579.344
1745179200000,0.385,0.385,0.385,0.385,0,0
1745178300000,0.385,0.385,0.385,0.385,0,0
1745177400000,0.385,0.385,0.385,0.385,0,0
1745176500000,0.385,0.385,0.385,0.385,0,0
1745175600000,0.3702,0.385,0.3702,0.385,11221,4320.085
1745174700000,0.3702,0.3702,0.3702,0.3702,0,0
1745173800000,0.3702,0.3702,0.3702,0.3702,0,0
1745172900000,0.3702,0.3702,0.3702,0.3702,0,0
1745172000000,0.3702,0.3702,0.3702,0.3702,0,0
1745171100000,0.3702,0.3702,0.3702,0.3702,0,0
1745170200000,0.3702,0.3702,0.3702,0.3702,0,0
1745169300000,0.356,0.3702,0.356,0.3702,18634,6898.3068
1745168400000,0.356,0.356,0.356,0.356,0,0
1745167500000,0.356,0.356,0.356,0.356,0,0
1745166600000,0.356,0.356,0.356,0.356,0,0
1745165700000,0.356,0.356,0.356,0.356,0,0
1745164800000,0.356,0.356,0.356,0.356,0,0
1745163900000,0.356,0.356,0.356,0.356,0,0
1745163000000,0.356,0.356,0.356,0.356,0,0
1745162100000,0.356,0.356,0.356,0.356,0,0
1745161200000,0.356,0.356,0.356,0.356,0,0
1745160300000,0.356,0.356,0.356,0.356,0,0
1745159400000,0.356,0.356,0.356,0.356,0,0
1745158500000,0.356,0.356,0.356,0.356,0,0
1745157600000,0.356,0.356,0.356,0.356,0,0
1745156700000,0.356,0.356,0.356,0.356,0,0
1745155800000,0.356,0.356,0.356,0.356,0,0
1745154900000,0.356,0.356,0.356,0.356,0,0
1745154000000,0.356,0.356,0.356,0.356,0,0
1745153100000,0.356,0.356,0.356,0.356,0,0
1745152200000,0.356,0.356,0.356,0.356,0,0
1745151300000,0.356,0.356,0.356,0.356,0,0
1745150400000,0.356,0.356,0.356,0.356,0,0
1745149500000,0.356,0.356,0.356,0.356,0,0
1745148600000,0.356,0.356,0.356,0.356,0,0
1745147700000,0.356,0.356,0.356,0.356,0,0
1745146800000,0.356,0.356,0.356,0.356,0,0
1745145900000,0.356,0.356,0.356,0.356,0,0
1745145000000,0.356,0.356,0.356,0.356,0,0
1745144100000,0.356,0.356,0.356,0.356,0,0
1745143200000,0.356,0.356,0.356,0.356,0,0
1745142300000,0.356,0.356,0.356,0.356,0,0
1745141400000,0.356,0.356,0.356,0.356,0,0
1745140500000,0.356,0.356,0.356,0.356,0,0
1745139600000,0.356,0.356,0.356,0.356,0,0
1745138700000,0.3708,0.3708,0.356,0.356,12824,4565.344
1745137800000,0.3863,0.3863,0.3708,0.3708,21719,8053.4052
1745136900000,0.3869,0.4024,0.3863,0.3863,29880,11829.7392
1745136000000,0.372,0.3869,0.372,0.3869,21432,8292.0408
1745135100000,0.3875,0.3875,0.372,0.372,9520,3541.44
1745134200000,0.3726,0.3875,0.3726,0.3875,11229,4351.2375
1745133300000,0.3726,0.3726,0.3726,0.3726,0,0
1745132400000,0.3732,0.3881,0.3726,0.3726,24204,9198.8304
1745131500000,0.3732,0.3732,0.3732,0.3732,0,0
1745130600000,0.3588,0.3732,0.3588,0.3732,11689,4362.3348
1745129700000,0.3594,0.3738,0.3588,0.3588,29241,10646.3808
1745128800000,0.3594,0.3594,0.3594,0.3594,0,0
1745127900000,0.3594,0.3594,0.3594,0.3594,0,0
1745127000000,0.3594,0.3594,0.3594,0.3594,0,0
1745126100000,0.3594,0.3594,0.3594,0.3594,0,0
1745125200000,0.3594,0.3594,0.3594,0.3594,0,0
1745124300000,0.3594,0.3594,0.3594,0.3594,0,0
1745123400000,0.3594,0.3594,0.3594,0.3594,0,0
1745122500000,0.3594,0.3594,0.3594,0.3594,0,0
1745121600000,0.3594,0.3594,0.3594,0.3594,0,0
1745120700000,0.3594,0.3594,0.3594,0.3594,0,0
1745119800000,0.3594,0.3594,0.3594,0.3594,0,0
1745118900000,0.3594,0.3594,0.3594,0.3594,0,0
1745118000000,0.3594,0.3594,0.3594,0.3594,0,0
1745117100000,0.3594,0.3594,0.3594,0.3594,0,0
1745116200000,0.3594,0.3594,0.3594,0.3594,0,0
1745115300000,0.3594,0.3594,0.3594,0.3594,0,0
1745114400000,0.3594,0.3594,0.3594,0.3594,0,0
1745113500000,0.3594,0.3594,0.3594,0.3594,0,0
1745112600000,0.3594,0.3594,0.3594,0.3594,0,0
1745111700000,0.3594,0.3594,0.3594,0.3594,0,0
1745110800000,0.3594,0.3594,0.3594,0.3594,0,0
1745109900000,0.3456,0.3594,0.3456,0.3594,10975,3944.415
1745109000000,0.36,0.36,0.3456,0.3456,11514,3979.2384
1745108100000,0.36,0.36,0.36,0.36,0,0
1745107200000,0.36,0.36,0.36,0.36,0,0
1745106300000,0.3462,0.36,0.3462,0.36,20875,7515
1745105400000,0.3462,0.3462,0.3462,0.3462,0,0
1745104500000,0.3462,0.3462,0.3462,0.3462,0,0
1745103600000,0.3462,0.3462,0.3462,0.3462,0,0
1745102700000,0.3462,0.3462,0.3462,0.3462,0,0
1745101800000,0.3462,0.3462,0.3462,0.3462,0,0
1745100900000,0.3462,0.3462,0.3462,0.3462,0,0
1745100000000,0.3606,0.3606,0.3462,0.3462,17947,6213.2514
1745099100000,0.3606,0.3606,0.3606,0.3606,0,0
1745098200000,0.3756,0.3756,0.3606,0.3606,10256,3698.3136
1745097300000,0.3612,0.3756,0.3612,0.3756,12173,4572.1788
1745096400000,0.3612,0.3612,0.3612,0.3612,0,0
1745095500000,0.3612,0.3612,0.3612,0.3612,0,0
1745094600000,0.3763,0.3763,0.3612,0.3612,11451,4136.1012
1745093700000,0.392,0.392,0.3763,0.3763,10383,3907.1229
1745092800000,0.392,0.392,0.392,0.392,0,0
1745091900000,0.392,0.392,0.392,0.392,0,0
1745091000000,0.392,0.392,0.392,0.392,0,0
1745090100000,0.3769,0.392,0.3769,0.392,8586,3365.712
1745089200000,0.3769,0.3769,0.3769,0.3769,0,0
1745088300000,0.3769,0.3769,0.3769,0.3769,0,0
1745087400000,0.3769,0.3769,0.3769,0.3769,0,0
1745086500000,0.3769,0.3769,0.3769,0.3769,0,0
1745085600000,0.3775,0.3775,0.3624,0.3769,22457,8296.3073
1745084700000,0.3775,0.3775,0.3775,0.3775,0,0
1745083800000,0.3781,0.3781,0.363,0.3775,25155,9323.361
1745082900000,0.3496,0.3781,0.3496,0.3781,36583,13481.2773
1745082000000,0.3496,0.3496,0.3496,0.3496,0,0
1745081100000,0.3496,0.3496,0.3496,0.3496,0,0
1745080200000,0.3496,0.3496,0.3496,0.3496,0,0
1745079300000,0.3496,0.3496,0.3496,0.3496,0,0
1745078400000,0.3496,0.3496,0.3496,0.3496,0,0
1745077500000,0.3496,0.3496,0.3496,0.3496,0,0
1745076600000,0.3496,0.3496,0.3496,0.3496,0,0
1745075700000,0.3496,0.3496,0.3496,0.3496,0,0
1745074800000,0.3496,0.3496,0.3496,0.3496,0,0
1745073900000,0.3496,0.3496,0.3496,0.3496,0,0
1745073000000,0.3496,0.3496,0.3496,0.3496,0,0
1745072100000,0.3496,0.3496,0.3496,0.3496,0,0
1745071200000,0.3496,0.3496,0.3496,0.3496,0,0
1745070300000,0.3496,0.3496,0.3496,0.3496,0,0
1745069400000,0.3496,0.3496,0.3496,0.3496,0,0
1745068500000,0.3496,0.3496,0.3496,0.3496,0,0
1745067600000,0.3642,0.3642,0.3496,0.3496,21222,7419.2112
1745066700000,0.3642,0.3642,0.3642,0.3642,0,0
1745065800000,0.3642,0.3642,0.3642,0.3642,0,0
1745064900000,0.3642,0.3642,0.3642,0.3642,0,0
1745064000000,0.3642,0.3642,0.3642,0.3642,0,0
1745063100000,0.3648,0.3862,0.3642,0.3642,145631,54349.8308
1745062200000,0.3654,0.3654,0.3508,0.3648,50937,18396.3036
1745061300000,0.3654,0.3654,0.3654,0.3654,0,0
1745060400000,0.3806,0.3806,0.3654,0.3654,10888,3978.4752
1745059500000,0.3812,0.3812,0.366,0.3806,41086,15283.486
1745058600000,0.3812,0.3812,0.3812,0.3812,0,0
1745057700000,0.3671,0.3971,0.3671,0.3812,51743,19872.458
1745056800000,0.3671,0.3671,0.3671,0.3671,0,0
1745055900000,0.383,0.388,0.3671,0.3671,93497,35212.4722
1745055000000,0.383,0.383,0.383,0.383,0,0
1745054100000,0.3688,0.3836,0.3683,0.383,78707,29874.8164
1745053200000,0.3688,0.3688,0.3688,0.3688,0,0
1745052300000,0.3546,0.3688,0.3546,0.3688,9199,3392.5912
1745051400000,0.3695,0.3695,0.3546,0.3546,8918,3163.2124
1745050500000,0.3849,0.3849,0.3695,0.3695,32775,12110.3625
1745049600000,0.3855,0.3855,0.3701,0.3849,29811,11292.6631
1745048700000,0.3855,0.3855,0.3855,0.3855,0,0
1745047800000,0.3707,0.3855,0.3707,0.3855,54,20.817
1745046900000,0.3707,0.3707,0.3707,0.3707,0,0
1745046000000,0.3564,0.3707,0.3564,0.3707,9447,3502.0029
1745045100000,0.3564,0.3564,0.3564,0.3564,0,0
1745044200000,0.3713,0.3713,0.3564,0.3564,8222,2930.3208
1745043300000,0.4029,0.4029,0.3713,0.3713,19020,7201.812
1745042400000,0.4029,0.4029,0.4029,0.4029,0,0
1745041500000,0.4054,0.4054,0.3725,0.4029,93239,36331.2802
1745040600000,0.3842,0.4054,0.3842,0.4054,17187,6966.5074
1745039700000,0.3842,0.3842,0.3842,0.3842,0,0
1745038800000,0.4002,0.4008,0.3842,0.3842,120,46.7544
1745037900000,0.4002,0.4002,0.4002,0.4002,0,0
1745037000000,0.4002,0.4002,0.4002,0.4002,0,0
1745036100000,0.4002,0.4002,0.4002,0.4002,0,0
1745035200000,0.4002,0.4002,0.4002,0.4002,0,0
1745034300000,0.4002,0.4002,0.4002,0.4002,0,0
1745033400000,0.3848,0.4002,0.3848,0.4002,60,24.012
1745032500000,0.3854,0.4008,0.3848,0.3848,41982,16323.3456
1745031600000,0.3854,0.3854,0.3854,0.3854,0,0
1745030700000,0.3854,0.3854,0.3854,0.3854,0,0
1745029800000,0.3707,0.3854,0.3707,0.3854,77,29.6758
1745028900000,0.3707,0.3707,0.3707,0.3707,0,0
1745028000000,0.3707,0.3707,0.3707,0.3707,0,0
1745027100000,0.3707,0.3707,0.3707,0.3707,0,0
1745026200000,0.3564,0.3707,0.3564,0.3707,77,28.5439
1745025300000,0.3564,0.3564,0.3564,0.3564,0,0
1745024400000,0.3564,0.3564,0.3564,0.3564,0,0
1745023500000,0.3564,0.3564,0.3564,0.3564,0,0
1745022600000,0.3564,0.3564,0.3564,0.3564,0,0
1745021700000,0.3564,0.3564,0.3564,0.3564,0,0
1745020800000,0.3564,0.3564,0.3564,0.3564,0,0
1745019900000,0.3564,0.3564,0.3564,0.3564,0,0
1745019000000,0.3564,0.3564,0.3564,0.3564,0,0
1745018100000,0.3564,0.3564,0.3564,0.3564,0,0
1745017200000,0.3564,0.3564,0.3564,0.3564,0,0
1745016300000,0.3564,0.3564,0.3564,0.3564,0,0
1745015400000,0.3564,0.3564,0.3564,0.3564,0,0
1745014500000,0.3564,0.3564,0.3564,0.3564,0,0
1745013600000,0.3564,0.3564,0.3564,0.3564,0,0
1745012700000,0.3564,0.3564,0.3564,0.3564,0,0
1745011800000,0.3564,0.3564,0.3564,0.3564,0,0
1745010900000,0.3564,0.3564,0.3564,0.3564,0,0
1745010000000,0.3564,0.3564,0.3564,0.3564,0,0
1745009100000,0.3564,0.3564,0.3564,0.3564,0,0
1745008200000,0.3564,0.3564,0.3564,0.3564,0,0
1745007300000,0.3564,0.3564,0.3564,0.3564,0,0
1745006400000,0.3564,0.3564,0.3564,0.3564,0,0
1745005500000,0.3564,0.3564,0.3564,0.3564,0,0
1745004600000,0.3564,0.3564,0.3564,0.3564,0,0
1745003700000,0.3564,0.3564,0.3564,0.3564,0,0
1745002800000,0.3564,0.3564,0.3564,0.3564,0,0
1745001900000,0.3564,0.3564,0.3564,0.3564,0,0
1745001000000,0.3564,0.3564,0.3564,0.3564,0,0
1745000100000,0.3564,0.3564,0.3564,0.3564,0,0
1744999200000,0.3564,0.3564,0.3564,0.3564,0,0
1744998300000,0.3564,0.3564,0.3564,0.3564,0,0
1744997400000,0.3564,0.3564,0.3564,0.3564,0,0
1744996500000,0.3564,0.3564,0.3564,0.3564,0,0
1744995600000,0.3564,0.3564,0.3564,0.3564,0,0
1744994700000,0.3564,0.3564,0.3564,0.3564,0,0
1744993800000,0.3564,0.3564,0.3564,0.3564,0,0
1744992900000,0.3564,0.3564,0.3564,0.3564,0,0
1744992000000,0.3564,0.3564,0.3564,0.3564,0,0
1744991100000,0.3564,0.3564,0.3564,0.3564,0,0
1744990200000,0.3564,0.3564,0.3564,0.3564,0,0
1744989300000,0.3564,0.3564,0.3564,0.3564,0,0
1744988400000,0.3564,0.3564,0.3564,0.3564,0,0
1744987500000,0.3564,0.3564,0.3564,0.3564,0,0
1744986600000,0.3564,0.3564,0.3564,0.3564,0,0
1744985700000,0.3564,0.3564,0.3564,0.3564,0,0
1744984800000,0.3564,0.3564,0.3564,0.3564,0,0
1744983900000,0.3564,0.3564,0.3564,0.3564,0,0
1744983000000,0.3564,0.3564,0.3564,0.3564,0,0
1744982100000,0.3564,0.3564,0.3564,0.3564,0,0
1744981200000,0.3564,0.3564,0.3564,0.3564,0,0
1744980300000,0.3564,0.3564,0.3564,0.3564,0,0
1744979400000,0.3564,0.3564,0.3564,0.3564,0,0
1744978500000,0.3564,0.3564,0.3564,0.3564,0,0
1744977600000,0.3564,0.3564,0.3564,0.3564,0,0
1744976700000,0.3564,0.3564,0.3564,0.3564,0,0
1744975800000,0.3564,0.3564,0.3564,0.3564,0,0
1744974900000,0.3564,0.3564,0.3564,0.3564,0,0
1744974000000,0.3564,0.3564,0.3564,0.3564,0,0
1744973100000,0.3564,0.3564,0.3564,0.3564,0,0
1744972200000,0.3564,0.3564,0.3564,0.3564,0,0
1744971300000,0.3564,0.3564,0.3564,0.3564,0,0
1744970400000,0.3564,0.3564,0.3564,0.3564,0,0
1744969500000,0.3564,0.3564,0.3564,0.3564,0,0
1744968600000,0.3564,0.3564,0.3564,0.3564,0,0
1744967700000,0.3564,0.3564,0.3564,0.3564,0,0
1744966800000,0.3564,0.3564,0.3564,0.3564,0,0
1744965900000,0.3564,0.3564,0.3564,0.3564,0,0
1744965000000,0.3564,0.3564,0.3564,0.3564,0,0
1744964100000,0.3564,0.3564,0.3564,0.3564,0,0
1744963200000,0.3564,0.3564,0.3564,0.3564,0,0
1744962300000,0.3564,0.3564,0.3564,0.3564,0,0
1744961400000,0.3564,0.3564,0.3564,0.3564,0,0
1744960500000,0.3564,0.3564,0.3564,0.3564,0,0
1744959600000,0.3564,0.3564,0.3564,0.3564,0,0
1744958700000,0.3564,0.3564,0.3564,0.3564,0,0
1744957800000,0.3564,0.3564,0.3564,0.3564,0,0
1744956900000,0.3564,0.3564,0.3564,0.3564,0,0
1744956000000,0.3564,0.3564,0.3564,0.3564,0,0
1744955100000,0.3564,0.3564,0.3564,0.3564,0,0
1744954200000,0.3564,0.3564,0.3564,0.3564,0,0
1744953300000,0.3564,0.3564,0.3564,0.3564,0,0
1744952400000,0.3564,0.3564,0.3564,0.3564,0,0
1744951500000,0.357,0.3713,0.3564,0.3564,23327,8513.9541
1744950600000,0.357,0.357,0.357,0.357,0,0
1744949700000,0.357,0.357,0.357,0.357,0,0
1744948800000,0.357,0.357,0.357,0.357,0,0
1744947900000,0.357,0.357,0.357,0.357,0,0
1744947000000,0.357,0.357,0.357,0.357,0,0
1744946100000,0.357,0.357,0.357,0.357,0,0
1744945200000,0.357,0.357,0.357,0.357,0,0
1744944300000,0.357,0.357,0.357,0.357,0,0
1744943400000,0.357,0.357,0.357,0.357,0,0
1744942500000,0.357,0.357,0.357,0.357,0,0
1744941600000,0.357,0.357,0.357,0.357,0,0
1744940700000,0.357,0.357,0.357,0.357,0,0
1744939800000,0.357,0.357,0.357,0.357,0,0
1744938900000,0.357,0.357,0.357,0.357,0,0
1744938000000,0.357,0.357,0.357,0.357,0,0
1744937100000,0.357,0.357,0.357,0.357,0,0
1744936200000,0.3719,0.3719,0.357,0.357,8258,2948.106
1744935300000,0.3719,0.3719,0.3719,0.3719,0,0
1744934400000,0.3576,0.3719,0.3576,0.3719,8963,3333.3397
1744933500000,0.3576,0.3576,0.3576,0.3576,0,0
1744932600000,0.3576,0.3576,0.3576,0.3576,0,0
1744931700000,0.3576,0.3576,0.3576,0.3576,0,0
1744930800000,0.3438,0.3576,0.3438,0.3576,19393,6934.9368
1744929900000,0.3438,0.3438,0.3438,0.3438,0,0
1744929000000,0.3438,0.3438,0.3438,0.3438,0,0
1744928100000,0.3438,0.3438,0.3438,0.3438,0,0
1744927200000,0.3438,0.3438,0.3438,0.3438,0,0
1744926300000,0.3438,0.3438,0.3438,0.3438,0,0
1744925400000,0.3438,0.3438,0.3438,0.3438,0,0
1744924500000,0.3438,0.3438,0.3438,0.3438,0,0
1744923600000,0.3438,0.3438,0.3438,0.3438,0,0
1744922700000,0.3438,0.3438,0.3438,0.3438,0,0
1744921800000,0.3581,0.3581,0.3438,0.3438,12756,4385.5128
1744920900000,0.3581,0.3581,0.3581,0.3581,0,0
1744920000000,0.3581,0.3581,0.3581,0.3581,0,0
1744919100000,0.3581,0.3581,0.3581,0.3581,0,0
1744918200000,0.3581,0.3581,0.3581,0.3581,0,0
1744917300000,0.3581,0.3581,0.3581,0.3581,0,0
1744916400000,0.3581,0.3581,0.3581,0.3581,0,0
1744915500000,0.3581,0.3581,0.3581,0.3581,0,0
1744914600000,0.3581,0.3581,0.3581,0.3581,0,0
1744913700000,0.3581,0.3581,0.3581,0.3581,0,0
1744912800000,0.3581,0.3581,0.3581,0.3581,0,0
1744911900000,0.3581,0.3581,0.3581,0.3581,0,0
1744911000000,0.3581,0.3581,0.3581,0.3581,0,0
1744910100000,0.3581,0.3581,0.3581,0.3581,0,0
1744909200000,0.3581,0.3581,0.3581,0.3581,0,0
1744908300000,0.3581,0.3581,0.3581,0.3581,0,0
1744907400000,0.3581,0.3581,0.3581,0.3581,0,0
1744906500000,0.3581,0.3581,0.3581,0.3581,0,0
1744905600000,0.373,0.373,0.3581,0.3581,11410,4085.921
1744904700000,0.3587,0.373,0.3587,0.373,9462,3529.326
1744903800000,0.3587,0.3587,0.3587,0.3587,0,0
1744902900000,0.3587,0.3587,0.3587,0.3587,0,0
1744902000000,0.3587,0.3587,0.3587,0.3587,0,0
1744901100000,0.3587,0.3587,0.3587,0.3587,0,0
1744900200000,0.3587,0.3587,0.3587,0.3587,0,0
1744899300000,0.3587,0.3587,0.3587,0.3587,0,0
1744898400000,0.3587,0.3587,0.3587,0.3587,0,0
1744897500000,0.3587,0.3587,0.3587,0.3587,0,0
1744896600000,0.3587,0.3587,0.3587,0.3587,0,0
1744895700000,0.3587,0.3587,0.3587,0.3587,0,0
1744894800000,0.3593,0.3593,0.3449,0.3587,22907,8077.4023
1744893900000,0.3593,0.3593,0.3593,0.3593,0,0
1744893000000,0.3593,0.3593,0.3593,0.3593,0,0
1744892100000,0.3455,0.3593,0.3455,0.3593,22257,7996.9401
1744891200000,0.3455,0.3455,0.3455,0.3455,0,0
1744890300000,0.3599,0.3599,0.3455,0.3455,11628,4017.474
1744889400000,0.3599,0.3599,0.3599,0.3599,0,0
1744888500000,0.3599,0.3599,0.3599,0.3599,0,0
1744887600000,0.3599,0.3599,0.3599,0.3599,0,0
1744886700000,0.3599,0.3599,0.3599,0.3599,0,0
1744885800000,0.3599,0.3599,0.3599,0.3599,0,0
1744884900000,0.3599,0.3599,0.3599,0.3599,0,0
1744884000000,0.3599,0.3599,0.3599,0.3599,0,0
1744883100000,0.3599,0.3599,0.3599,0.3599,0,0
1744882200000,0.3599,0.3599,0.3599,0.3599,0,0
1744881300000,0.3599,0.3599,0.3599,0.3599,0,0
1744880400000,0.3599,0.3599,0.3599,0.3599,0,0
1744879500000,0.3599,0.3599,0.3599,0.3599,0,0
1744878600000,0.3599,0.3599,0.3599,0.3599,0,0
1744877700000,0.3599,0.3599,0.3599,0.3599,0,0
1744876800000,0.3599,0.3599,0.3599,0.3599,0,0
1744875900000,0.3599,0.3599,0.3599,0.3599,0,0
1744875000000,0.3461,0.3599,0.3461,0.3599,12164,4377.8236
1744874100000,0.3461,0.3461,0.3461,0.3461,0,0
1744873200000,0.3461,0.3461,0.3461,0.3461,0,0
1744872300000,0.3461,0.3461,0.3461,0.3461,0,0
1744871400000,0.3461,0.3461,0.3461,0.3461,0,0
1744870500000,0.3461,0.3461,0.3461,0.3461,0,0
1744869600000,0.3461,0.3461,0.3461,0.3461,0,0
1744868700000,0.3461,0.3461,0.3461,0.3461,0,0
1744867800000,0.3461,0.3461,0.3461,0.3461,0,0
1744866900000,0.3328,0.3461,0.3328,0.3461,346,119.7506
1744866000000,0.3328,0.3328,0.3328,0.3328,0,0
1744865100000,0.3328,0.3328,0.3328,0.3328,0,0
1744864200000,0.3328,0.3328,0.3328,0.3328,0,0
1744863300000,0.3328,0.3328,0.3328,0.3328,0,0
1744862400000,0.3328,0.3328,0.3328,0.3328,0,0
1744861500000,0.3328,0.3328,0.3328,0.3328,0,0
1744860600000,0.3328,0.3328,0.3328,0.3328,0,0
1744859700000,0.3328,0.3328,0.3328,0.3328,0,0
1744858800000,0.3328,0.3328,0.3328,0.3328,0,0
1744857900000,0.3328,0.3328,0.3328,0.3328,0,0
1744857000000,0.3328,0.3328,0.3328,0.3328,0,0
1744856100000,0.3328,0.3328,0.3328,0.3328,0,0
1744855200000,0.3328,0.3328,0.3328,0.3328,0,0
1744854300000,0.3328,0.3328,0.3328,0.3328,0,0
1744853400000,0.3328,0.3328,0.3328,0.3328,0,0
1744852500000,0.3328,0.3328,0.3328,0.3328,0,0
1744851600000,0.3328,0.3328,0.3328,0.3328,0,0
1744850700000,0.3328,0.3328,0.3328,0.3328,0,0
1744849800000,0.3328,0.3328,0.3328,0.3328,0,0
1744848900000,0.3328,0.3328,0.3328,0.3328,0,0
1744848000000,0.3328,0.3328,0.3328,0.3328,0,0
1744847100000,0.3328,0.3328,0.3328,0.3328,0,0
1744846200000,0.3328,0.3328,0.3328,0.3328,0,0
1744845300000,0.3328,0.3328,0.3328,0.3328,0,0
1744844400000,0.3328,0.3328,0.3328,0.3328,0,0
1744843500000,0.3328,0.3328,0.3328,0.3328,0,0
1744842600000,0.3328,0.3328,0.3328,0.3328,0,0
1744841700000,0.3328,0.3328,0.3328,0.3328,0,0
1744840800000,0.3328,0.3328,0.3328,0.3328,0,0
1744839900000,0.3328,0.3328,0.3328,0.3328,0,0
1744839000000,0.3328,0.3328,0.3328,0.3328,0,0
1744838100000,0.3328,0.3328,0.3328,0.3328,0,0
1744837200000,0.3468,0.3468,0.3328,0.3328,22864,7611.391
1744836300000,0.3468,0.3468,0.3468,0.3468,0,0
1744835400000,0.3468,0.3468,0.3468,0.3468,0,0
1744834500000,0.3468,0.3468,0.3468,0.3468,0,0
1744833600000,0.3335,0.3468,0.3335,0.3468,14111,4893.6948
1744832700000,0.3335,0.3335,0.3335,0.3335,0,0
1744831800000,0.3335,0.3335,0.3335,0.3335,0,0
1744830900000,0.3335,0.3335,0.3335,0.3335,0,0
1744830000000,0.3335,0.3335,0.3335,0.3335,0,0
1744829100000,0.3335,0.3335,0.3335,0.3335,0,0
1744828200000,0.3335,0.3335,0.3335,0.3335,0,0
1744827300000,0.3335,0.3335,0.3335,0.3335,0,0
1744826400000,0.3335,0.3335,0.3335,0.3335,0,0
1744825500000,0.3335,0.3335,0.3335,0.3335,0,0
1744824600000,0.3335,0.3335,0.3335,0.3335,0,0
1744823700000,0.3335,0.3335,0.3335,0.3335,0,0
1744822800000,0.3474,0.3474,0.3335,0.3335,13164,4390.194
1744821900000,0.3474,0.3474,0.3474,0.3474,0,0
1744821000000,0.3474,0.3474,0.3474,0.3474,0,0
1744820100000,0.3474,0.3474,0.3474,0.3474,0,0
1744819200000,0.3474,0.3474,0.3474,0.3474,0,0
1744818300000,0.3474,0.3474,0.3474,0.3474,0,0
1744817400000,0.3474,0.3474,0.3474,0.3474,0,0
1744816500000,0.3474,0.3474,0.3474,0.3474,0,0
1744815600000,0.3474,0.3474,0.3474,0.3474,0,0
1744814700000,0.3474,0.3474,0.3474,0.3474,0,0
1744813800000,0.334,0.3474,0.334,0.3474,38095,13234.203
1744812900000,0.3624,0.3624,0.334,0.334,44374,15152.848
1744812000000,0.3485,0.3624,0.3485,0.3624,12984,4705.4016
1744811100000,0.3485,0.3485,0.3485,0.3485,0,0
1744810200000,0.3485,0.3485,0.3485,0.3485,0,0
1744809300000,0.3485,0.3485,0.3485,0.3485,0,0
1744808400000,0.3485,0.3485,0.3485,0.3485,0,0
1744807500000,0.3485,0.3485,0.3485,0.3485,0,0
1744806600000,0.3485,0.3485,0.3485,0.3485,0,0
1744805700000,0.3485,0.3485,0.3485,0.3485,0,0
1744804800000,0.3485,0.3485,0.3485,0.3485,0,0
1744803900000,0.3485,0.3485,0.3485,0.3485,0,0
1744803000000,0.3485,0.3485,0.3485,0.3485,0,0
1744802100000,0.3485,0.3485,0.3485,0.3485,0,0
1744801200000,0.3485,0.3485,0.3485,0.3485,0,0
1744800300000,0.3485,0.3485,0.3485,0.3485,0,0
1744799400000,0.363,0.363,0.3485,0.3485,9187,3201.6695
1744798500000,0.363,0.363,0.363,0.363,0,0
1744797600000,0.363,0.363,0.363,0.363,0,0
1744796700000,0.363,0.363,0.363,0.363,0,0
1744795800000,0.3781,0.3781,0.363,0.363,11798,4282.674
1744794900000,0.3781,0.3781,0.3781,0.3781,0,0
1744794000000,0.3636,0.3781,0.3636,0.3781,21105,7979.8005
1744793100000,0.3636,0.3636,0.3636,0.3636,0,0
1744792200000,0.3636,0.3636,0.3636,0.3636,0,0
1744791300000,0.3636,0.3636,0.3636,0.3636,0,0
1744790400000,0.3636,0.3636,0.3636,0.3636,0,0
